{
  "best_name": "XGBoost",
  "feat_cols": [
    "car_age",
    "km_driven",
    "km_per_year",
    "owner_num",
    "fuel",
    "seller_type",
    "transmission",
    "brand_clean"
  ],
  "num_features": [
    "car_age",
    "km_driven",
    "km_per_year",
    "owner_num"
  ],
  "cat_features": [
    "fuel",
    "seller_type",
    "transmission",
    "brand_clean"
  ],
  "use_scaled": false,
  "version": "20260401_011624",
  "training_time_sec": 59.25,
  "dataset_rows": 3514,
  "test_size": 0.2,
  "cv_folds": 5,
  "random_seed": 42,
  "pipeline_type": "sklearn.pipeline.Pipeline + ColumnTransformer",
  "shap_importance": null,
  "tuned": true,
  "results": {
    "Ridge Regression": {
      "r2": 0.4768,
      "rmse": 273116.81,
      "mae": 183497.83,
      "cv_r2_mean": 0.4911,
      "cv_r2_std": 0.023,
      "feat_imp": [
        138276.32218244064,
        42882.63982938212,
        2118.7741780678753,
        20627.830244888486,
        81579.2181586809,
        18474.518823535014,
        559315.8124590847,
        1278.394353980281
      ]
    },
    "Random Forest": {
      "r2": 0.6587,
      "rmse": 220594.23,
      "mae": 132972.56,
      "cv_r2_mean": 0.707,
      "cv_r2_std": 0.0243,
      "feat_imp": [
        0.3016466100562687,
        0.08499407493014446,
        0.06284516223432984,
        0.01467595502836402,
        0.13785010412538815,
        0.017074938621484764,
        0.21631007741397643,
        0.16460307759004372
      ]
    },
    "Gradient Boosting": {
      "r2": 0.7295,
      "rmse": 196378.0,
      "mae": 128257.72,
      "cv_r2_mean": 0.7351,
      "cv_r2_std": 0.0219,
      "feat_imp": [
        0.2863269689612172,
        0.0723930422635587,
        0.05070769178096274,
        0.009118346112935636,
        0.14589905248663398,
        0.00992329162030483,
        0.22614987042795962,
        0.19948173634642724
      ]
    },
    "XGBoost": {
      "r2": 0.7424,
      "rmse": 191637.77,
      "mae": 124522.81,
      "cv_r2_mean": 0.742,
      "cv_r2_std": 0.0234,
      "feat_imp": [
        0.13159354031085968,
        0.041796889156103134,
        0.02534869872033596,
        0.02835797891020775,
        0.2084854543209076,
        0.02496444247663021,
        0.4620663523674011,
        0.07738664001226425
      ]
    }
  }
}